{"Zheng17\n(10xchromiumv1)": {"amanpg_1.00": {"data": [-0.01489858506710771, -0.01801138077150493, -0.023827651758375264, -0.02889447650070312, -0.03374504645397405, -0.0430197164687487, -0.04978498032986412, -0.057381724066848536, -0.07505806144146293, -0.08259155493893645, -0.0956216907191763, -0.10582127732263315, -0.11461199267197625, -0.11649150795887724, -0.10827226434135859, -0.08432940398128239, -0.03234022051762916, 0.053839381224430036, 0.18545027249819618, 0.345548646417032], "penalty": 138.88871307785507}, "amanpg_100.00": {"data": [-0.015910725751851738, -0.020008791452307894, -0.024490562319002703, -0.030464487524979007, -0.03775792676721941, -0.04537337024072407, -0.05643048279325506, -0.07437450861025603, -0.08619226200461699, -0.09619823924512498, -0.11057136702199764, -0.122393008554014, -0.13211535423080292, -0.1349480829091214, -0.1258853957288146, -0.09907020015425294, -0.04577930347737427, 0.0421488289263099, 0.17030178301790322, 0.3323197915372358], "penalty": 145.7498354265529}, "amanpg_10000.00": {"data": [-0.015058252855954161, -0.02078734176882662, -0.02712494261140218, -0.035481295148503574, -0.04701270625012234, -0.06186495077040747, -0.0818487636062113, -0.1045680846843425, -0.1321705058254005, -0.1646394875636407, -0.20035306265605302, -0.23766080549510685, -0.26934160616578845, -0.28811338431513694, -0.2845077036495513, -0.2506067533415644, -0.18385656540910003, -0.0907960246767554, 0.028443961628120126, 0.17099874690921762], "penalty": 413.29989897981596}, "amanpg_30000.00": {"data": [-0.013537044284524808, -0.019397503754888506, -0.025429405318637615, -0.03306752111320693, -0.044059921265302046, -0.0574396872209377, -0.07464610434256888, -0.10026312676385911, -0.12750073684752597, -0.16166611229225872, -0.19944360300853053, -0.23825719236760826, -0.27539171969733434, -0.3022298696894937, -0.3050148714297993, -0.27615578879625535, -0.21014931286295407, -0.11302776627783502, 0.019746617032163905, 0.3836944653012386], "penalty": 531.8881507953566}}, "Luecken2021\n(multiome)": {"amanpg_1.00": {"data": [-0.006227542167914254, -0.0022745509935720625, -0.0106687198487227, -0.0070487630807321575, -0.009776144448830995, -0.005167935647446244, -0.005097657957902676, -0.02996286972018137, -0.0423165912196996, -0.04690037117335918, -0.053525024210838594, -0.05469950815867483, -0.060990689703145196, -0.06935198672974889, -0.07163970800148825, -0.06424069439719558, -0.05727113045407452, -0.009434183146691534, 0.0470158919784568, 0.1793203575616312], "penalty": 128.05986311708224}, "amanpg_100.00": {"data": [-0.0030696689602148987, -0.007688085627390399, -0.007545535086923318, -0.0047087102863835216, -0.013159974498715001, -0.010612046151689819, -0.03266585354704388, -0.045542628612446116, -0.05147765728462775, -0.057384851326782185, -0.06331859484396242, -0.07248687857208184, -0.08300070296290638, -0.07492196645118686, -0.08908482039900928, -0.10528753359013532, -0.07392853136014603, -0.021392769960925588, 0.03847835700065032, 0.16870740697198033], "penalty": 133.32595599235}, "amanpg_10000.00": {"data": [-0.006596287450275543, -0.009252562618510748, -0.012031781586804046, -0.0159232829331401, -0.029282154118032824, -0.03700163101336816, -0.049577441749115984, -0.0675371460997469, -0.08527077498471054, -0.10874282992823531, -0.13509327065307344, -0.17219785747460772, -0.2144432030121573, -0.2423486271068941, -0.2576426327208638, -0.25562601261698187, -0.24669171306380228, -0.18234819151025822, -0.10057280946925924, 0.05713113044888736], "penalty": 349.10393738492263}, "amanpg_30000.00": {"data": [-0.006784333051432557, -0.010991394245227201, -0.014691865100463814, -0.018457062599382984, -0.025588728739389922, -0.03540020664317381, -0.05089545805146451, -0.06578717046330267, -0.08782277556213668, -0.10985270632868488, -0.1379883488353441, -0.1691584518658501, -0.2265729769799722, -0.25228588132217794, -0.26861280226600026, -0.2677036489553338, -0.2704598455845735, -0.20480013844423445, -0.09024234269249226, 0.13999468269269508], "penalty": 468.96218737980615}}, "Hrvatin2016\n(indrops)": {"amanpg_1.00": {"data": [-0.0025151712540971267, -0.00312360125251935, -0.0022240836862576037, -0.0028381324437129567, -0.004528621246700422, -0.004062227187761215, 0.0017226777362278048, -0.01626972482632877, -0.014393974178834397, -0.018371730636940056, -0.021706751300542303, -0.03435326096878336, -0.043103413395020725, -0.04955817041031408, -0.04999540766258293, -0.040836093427175466, -0.041151487592951584, -0.03135143248895418, 0.009036719757826255, 0.07052120883160827], "penalty": 141.22742868267642}, "amanpg_100.00": {"data": [-0.00286371858911306, -0.003475820223663413, -0.003146989248482452, -0.003293221895159094, -0.006634572512436879, -0.0027286174677564516, -0.0009757117688894292, -0.022565071021348592, -0.022633790966244134, -0.02856017616246946, -0.03770161516951257, -0.04442050140889966, -0.04825776097169969, -0.06101248919437652, -0.0575321966977002, -0.06064049547442895, -0.052213007127790534, -0.046020213604757366, -0.005073220685053104, 0.05587853325834789], "penalty": 144.31720263570315}, "amanpg_10000.00": {"data": [-0.003541713108289371, -0.005548660539336485, -0.006772044266338722, -0.012031394890733826, -0.012537562820542308, -0.022239032381230844, -0.029637554086487446, -0.03667949001575426, -0.05017463840821735, -0.06478781817858399, -0.0836834662926968, -0.10620191734114769, -0.1264091939280208, -0.14907131259672216, -0.17327130453421888, -0.1954046649821392, -0.19627983068783578, -0.1664199107261267, -0.09937156862460592, -0.014958846879148679], "penalty": 346.7371191375592}, "amanpg_30000.00": {"data": [-0.0029168328940304164, -0.004703340781586097, -0.007395879151481699, -0.01069187286872477, -0.01218763594486179, -0.018020046547400716, -0.025393515867712334, -0.03785868632476971, -0.0476290807701567, -0.058078965398434546, -0.0836492991711069, -0.10252961061605666, -0.13271834025994783, -0.1519887998730313, -0.19678996902090726, -0.20922193552412544, -0.17644795456264234, -0.1699000888844088, -0.06581801472969911, -0.0036629257116981093], "penalty": 430.209455687762}}, "Jensen2022\n(smart-seq3xpress)": {"amanpg_1.00": {"data": [-0.004799460072852788, -0.005484546995229542, -0.005695888534588299, -0.006879201312435767, -0.007547508178710463, -0.014924902175514171, -0.014731136040876761, -0.012775156332594491, -0.02074018702892125, -0.018030314453600964, -0.016944733141638944, -0.008519225072108196, 0.0009624484722104108, 0.0030940663733470234, 0.015946686421808826, 0.04516509180289277, 0.08112729397434161, 0.11213186344789684, 0.19013467067757586, 0.30739304777194676], "penalty": 115.52982619105629}, "amanpg_100.00": {"data": [-0.005206086844015107, -0.005701784771991299, -0.007828905261353295, -0.010053722406975975, -0.01719342580327667, -0.01915008120193744, -0.020524049377014845, -0.022050397169111086, -0.01928626844004815, -0.030626504069981693, -0.03472922027400847, -0.02532724828500266, -0.01692598495419736, -0.015309779103321772, -0.005470251855346161, 0.03044397939514342, 0.060140344855066474, 0.09238538478443246, 0.1796869167673454, 0.29919002938326295], "penalty": 120.98453672305396}, "amanpg_10000.00": {"data": [-0.006439465812990512, -0.009873668544162936, -0.01285330824123325, -0.016831738402700837, -0.02141096022476494, -0.02871473318299194, -0.038641821650193885, -0.050556124927353945, -0.06446471337322957, -0.08283307067698294, -0.10270616412074293, -0.12539885329001593, -0.1499156537746491, -0.16908405255854111, -0.1809006356625521, -0.20477572452606957, -0.17453383380308182, -0.10615473231272388, 0.007136111444089243, 0.22215406379338257], "penalty": 310.0201583707324},