{"Zheng17\n(10xchromiumv1)": {"amanpg_1.00": {"data": [-0.011988665817597378, -0.01575079953921393, -0.0195525445061716, -0.027293613722324285, -0.032567217832019664, -0.035363297527066025, -0.04774564122533103, -0.05246699703818542, -0.056327650246962055, -0.05906941422711986, -0.06159312960624007, -0.058977387834287597, -0.05207902154088962, -0.039452029260174507, -0.010579635140689901, 0.0376216299714819, 0.11728750475955099, 0.24195766166079768, 0.4038027006833577, 0.5909023021395781], "penalty": 129.2761795370906}, "amanpg_100.00": {"data": [-0.013090660801762544, -0.0168952591999218, -0.021040588027917344, -0.029016577623223988, -0.03445096333013521, -0.04684684984425565, -0.054349710644588545, -0.06244201551100362, -0.06879484815196656, -0.07326438609057312, -0.0777282943339321, -0.07671889764042447, -0.07205722829399769, -0.056871234297442175, -0.02944838973280557, 0.020856052276170788, 0.10314794121093385, 0.22380828512646814, 0.3865338889278023, 0.5740521752765464], "penalty": 135.808819675441}, "amanpg_10000.00": {"data": [-0.013687200263469415, -0.0196918881592395, -0.025831660525349326, -0.0338120250346694, -0.04386802771613224, -0.05647485833486749, -0.07223740395035347, -0.09122276370630854, -0.11403987276120414, -0.13985802429976532, -0.16749053826018803, -0.19207720428764857, -0.21242292036916055, -0.21519036903217023, -0.1955756562916701, -0.143772370732586, -0.05713054880798956, 0.05801222930004343, 0.20058354716111607, 0.6926272362247565], "penalty": 395.0750315183427}, "amanpg_30000.00": {"data": [-0.01245624282248876, -0.01611806277824498, -0.021390796341436, -0.030637911932791556, -0.040177289392462415, -0.052996211287475385, -0.06897490692100204, -0.08725688168549085, -0.11024359001957786, -0.13680804840922361, -0.1666869576464493, -0.19738035453725794, -0.22337835099169165, -0.2371098400457941, -0.2260431673650657, -0.18567912584502064, -0.10821074972905598, 0.004602392731172774, 0.4880585602534954, 0.9368947999131032], "penalty": 515.1228030096362}}, "Luecken2021\n(multiome)": {"amanpg_1.00": {"data": [-0.003157590221702838, -0.002339921943995806, -0.0016148778666192107, -0.00013814543372691097, 0.002383113373145536, 0.0004949701001880319, 0.007794954791656278, -0.0209911960802713, -0.012366664624014638, -0.022628945540770003, -0.022920585046954007, -0.016897460723093977, -0.026331750402798677, -0.026649573414127336, -0.019595776711038133, 0.006245417758920134, 0.029374053744851518, 0.06920091619825502, 0.17799440771925407, 0.3414157219991191], "penalty": 129.25286817683164}, "amanpg_100.00": {"data": [-0.0032368739550440086, -0.0039566845096314475, -0.0038024871983987265, -0.005478172678858638, -0.005156897155386542, -0.001796956106472895, -0.022986768243287613, -0.01400322366401663, -0.0364238868922408, -0.02771769224956096, -0.03919742046057992, -0.042520716267588, -0.04325732597693769, -0.04240679114861492, -0.02224119292203167, -0.019776321483760514, 0.01451907008450725, 0.05749984524729473, 0.1682681522203573, 0.33501921985777], "penalty": 134.57163645497099}, "amanpg_10000.00": {"data": [-0.003726822377505942, -0.004895492608400812, -0.00995583725086464, -0.015153759999220017, -0.022697918254037473, -0.033956135308828135, -0.043464272217469846, -0.05439681162595983, -0.07327778410482526, -0.09319029790413587, -0.12271641110794734, -0.15569553771157865, -0.18508633168498034, -0.21163622846825075, -0.2267468198248287, -0.217528647334432, -0.17364363485734388, -0.08823764346916114, 0.09552655435085879, 0.32164091891321483], "penalty": 349.74109928261765}, "amanpg_30000.00": {"data": [-0.003828613162521013, -0.006724875568608855, -0.00952554779823349, -0.010374132535278958, -0.02158960597863721, -0.031863344276312655, -0.04200713506597144, -0.055723359523319464, -0.06119557818504676, -0.0835433064733414, -0.12550496585797472, -0.15148476873957242, -0.18108570400341348, -0.21582117597842815, -0.22530300559443592, -0.22468897765180132, -0.13395640666884298, -0.06989368634737858, 0.16294981239708436, 0.4735846331989359], "penalty": 470.1373381471534}}, "Hrvatin2016\n(indrops)": {"amanpg_1.00": {"data": [0.0008040735681309317, 0.0017248475234916828, 0.002965991472279801, 0.004581220697584409, 0.01119441279960576, 0.009895887873265058, 0.02045831849358285, 0.01322822760346199, 0.03063294551714466, 0.026093246047958367, 0.01656168048051469, 0.008059930311252326, 0.026834681743409805, 0.022692246412575667, 0.04783673926505461, 0.06892067268257734, 0.11150167535575979, 0.15533447213907559, 0.2168965874697874, 0.28984197632741987], "penalty": 146.92317662383743}, "amanpg_100.00": {"data": [-0.0003749978478864312, -7.550054615977163e-05, 0.00034602870424120714, 0.002214825405678452, 0.0043550319727262265, 0.007827766710209226, 0.00807002906588573, 0.019564796442822076, 0.023563071193251277, 0.03574475278018672, 0.002174049642802456, -0.0023377265690828724, 0.004094131491281472, 0.015867566664292777, 0.02912076465781457, 0.06236618312298819, 0.08213688484051551, 0.14070774024020868, 0.20758161818722562, 0.26194963616691413], "penalty": 151.4274335888838}, "amanpg_10000.00": {"data": [-0.0019217903262039138, -0.0026574895272316055, -0.0038368368560601856, -0.0037709965204511023, -0.005814418013222769, -0.01208050090479966, -0.017708807896304076, -0.01990852731274973, -0.03544540521671675, -0.03221391909810738, -0.05589034539841198, -0.06598194258252077, -0.07256570051859909, -0.07245781494275086, -0.06440133592015386, -0.037035181735085666, -0.03231105312269795, 0.039428648647502534, 0.13566678929510423, 0.19174347879710815], "penalty": 352.82017090519577}, "amanpg_30000.00": {"data": [-0.0017267747169584695, -0.0024068069182510187, -0.003556585315799957, -0.005290860436099889, -0.005886308663226004, -0.012668954456812704, -0.008302357293061393, -0.024002004392177593, -0.03582911000276493, -0.026124152856035473, -0.04980531983540517, -0.06405461412867552, -0.06652362985036131, -0.07327354862812913, -0.053635481376055734, -0.0657630896021232, -0.05488662207354825, -0.0023323450986860064, 0.10702675060049034, 0.2585832407432497], "penalty": 441.8741265680769}}, "Jensen2022\n(smart-seq3xpress)": {"amanpg_1.00": {"data": [-0.005039050017763301, -0.007229718104562904, -0.009161604451745832, -0.00697258785365571, -0.017818245105698963, -0.0199429856711501, -0.019923971517887946, -0.02964053122270407, -0.036033168387947276, -0.03899908403417292, -0.034378015640075886, -0.04451238481951552, -0.0380984025378877, -0.03603274530475572, -0.023652699611565145, -0.043388434001614656, -0.008939058780376421, 0.055001509518023774, 0.15504286203969417, 0.2748118721161458], "penalty": 137.3265971772242}, "amanpg_100.00": {"data": [-0.006245629277562256, -0.009636185149545924, -0.010010628699640001, -0.01016885106393183, -0.010937883021877015, -0.027141981286389567, -0.03146441168730615, -0.03808908605019857, -0.04471932058213036, -0.05049849265471092, -0.053859962808634775, -0.05755093365744881, -0.056866847321281576, -0.051427846359083554, -0.04058820361967567, -0.060938152985074996, -0.02105064443998524, 0.044163523058544506, 0.14503851381632257, 0.2591423202280211], "penalty": 143.2701791082385}, "amanpg_10000.00": {"data": [-0.0070166005289715614, -0.009840145737809914, -0.0154373960004093, -0.018094336694692067, -0.02677764591378935, -0.03382821100122362, -0.048596102002778425, -0.06147815063625979, -0.07726299048559596, -0.09221418004699539, -0.12439522895882715, -0.15157096046127835, -0.20337715558779657, -0.208863305545653, -0.21465713817667362, -0.23198261242363918, -0.18943223165662645, -0.14215454239152459, -0.08286356681501449, 0.047115215830284926], "penalty": 356.67848652076185},